{"client_meta":{"background_color":{"r":0.9607843160629272,"g":0.9607843160629272,"b":0.9607843160629272,"a":1},"thumbnail_size":{"width":316,"height":400},"render_coordinates":{"x":-1410,"y":-1778,"width":2819,"height":3564}},"file_name":"Untitled"}