{"client_meta":{"background_color":{"r":0.9607843160629272,"g":0.9607843160629272,"b":0.9607843160629272,"a":1},"thumbnail_size":{"width":185,"height":400},"render_coordinates":{"x":-214,"y":-463,"width":428,"height":926}},"file_name":"C77.5.1.3"}