{"client_meta":{"background_color":{"r":0.9607843160629272,"g":0.9607843160629272,"b":0.9607843160629272,"a":1},"thumbnail_size":{"width":400,"height":208},"render_coordinates":{"x":-401,"y":-331,"width":411,"height":214}},"file_name":"Untitled"}