{"client_meta":{"background_color":{"r":0.11764705926179886,"g":0.11764705926179886,"b":0.11764705926179886,"a":1},"thumbnail_size":{"width":400,"height":253},"render_coordinates":{"x":320,"y":-463,"width":1464,"height":926}},"file_name":"C7.M4.L3.item 6 exercise prototype solution"}