{"client_meta":{"background_color":{"r":0.9607843160629272,"g":0.9607843160629272,"b":0.9607843160629272,"a":1},"thumbnail_size":{"width":182,"height":400},"render_coordinates":{"x":-519,"y":-523,"width":682,"height":1500}},"file_name":"interactive components"}